"","PISAC","PARURO","COLQUEPATA","CCATCCA","CAICAY","fecha"
"1",13.5841445922852,15.008020401001,12.485600233078,12.7131769657135,12.9096338748932,1981-01-01
"2",13.7686109542847,14.7703909873962,12.5890460014343,12.6470031738281,12.7850999832153,1981-02-01
"3",13.3130569458008,14.3085103034973,12.2258312702179,12.5774478912354,12.7564635276794,1981-03-01
"4",12.0038180351257,13.2977278232574,11.0019208192825,11.527067899704,11.7632119655609,1981-04-01
"5",11.1235067248344,12.4502708911896,9.56550720334053,10.1816567480564,10.4361562430859,1981-05-01
"6",10.1184601187706,11.4790929555893,8.13657689094543,8.54435539245605,9.1494505405426,1981-06-01
"7",10.0691602379084,11.6113122105598,7.83439373970032,8.80873620510101,9.197425365448,1981-07-01
"8",10.638804256916,12.4056643247604,8.52950859069824,9.51338687539101,9.80893008410931,1981-08-01
"9",11.3542934656143,12.911084651947,9.56305272877216,10.3843348026276,10.6994733810425,1981-09-01
"10",13.388542175293,14.5034964084625,11.7779885530472,12.4345550537109,12.8120853900909,1981-10-01
"11",14.3244640827179,15.0659947395325,13.3061611652374,13.3840315341949,13.7319042682648,1981-11-01
"12",14.4333753585815,15.4549477100372,13.3378252983093,13.5950398445129,13.8314046859741,1981-12-01
"13",13.2684888839722,14.7218689918518,12.2918848991394,12.409919500351,12.7128648757935,1982-01-01
"14",13.6741518974304,14.6327962875366,12.5460102558136,12.5653994083405,12.7272362709045,1982-02-01
"15",13.2195074558258,14.2025971412659,12.2270619869232,12.5130009651184,12.7600879669189,1982-03-01
"16",12.3279023170471,13.5479476451874,11.2867250442505,11.8629138469696,12.0249507427216,1982-04-01
"17",10.691330075264,12.0868880152702,9.10222548246384,9.70999997109175,10.0408334191889,1982-05-01
"18",10.187252625823,11.4838827848434,8.24250936508179,8.70972168445587,9.21312719583511,1982-06-01
"19",10.3047872781754,11.8600535988808,8.14517378807068,9.07738959789276,9.53865069150925,1982-07-01
"20",10.7825109362602,12.5135418176651,8.67987811565399,9.65168789029121,9.96663997322321,1982-08-01
"21",12.233438372612,13.6999979019165,10.4322422295809,11.2663087844849,11.5429964065552,1982-09-01
"22",13.7899332046509,15.0093750953674,11.8452920913696,12.7217898368835,12.8451104164124,1982-10-01
"23",14.2600166797638,15.1763987541199,13.0796978473663,13.2671942710876,13.4329206943512,1982-11-01
"24",14.0849051475525,15.0866637229919,12.8544342517853,13.2243206501007,13.3900215625763,1982-12-01
"25",14.56582903862,15.9799041748047,13.5407047271729,13.6736464500427,13.9666292667389,1983-01-01
"26",14.4428491592407,15.3850483894348,13.4302110671997,13.2451610565186,13.5592310428619,1983-02-01
"27",14.3676414489746,15.3751094341278,13.0490577220917,13.6229565143585,13.6037657260895,1983-03-01
"28",13.8372242450714,15.0950829982758,12.4659790992737,13.2505750656128,13.3092849254608,1983-04-01
"29",12.1847161054611,13.5839544534683,10.3747803419828,11.107689589262,11.4086429476738,1983-05-01
"30",10.8216500878334,12.0954868197441,8.63690567016602,9.37458726763725,9.59680533409119,1983-06-01
"31",11.1207061260939,12.6771811246872,8.4143191576004,9.87003403902054,9.87214308977127,1983-07-01
"32",11.7056239843369,13.3058204650879,9.28751915693283,10.6443721950054,10.5419486165047,1983-08-01
"33",12.5834711790085,14.0374977588654,10.5734910964966,11.6327114105225,11.7578648328781,1983-09-01
"34",13.7568376064301,14.9759757518768,11.8158582448959,12.6223878860474,12.8683080673218,1983-10-01
"35",14.1445419788361,14.9834797382355,12.5740599632263,12.964607000351,12.9965205192566,1983-11-01
"36",13.7635095119476,14.8026578426361,12.6027009487152,12.98677110672,13.1635394096375,1983-12-01
"37",12.5162308216095,14.0407321453094,11.3755271434784,11.6785588264465,11.8452799320221,1984-01-01
"38",13.2851557731628,14.3539488315582,12.1386053562164,12.1444857120514,12.3449206352234,1984-02-01
"39",13.2987401485443,14.3136322498322,12.1432797908783,12.5865786075592,12.6798317432404,1984-03-01
"40",12.4806230068207,13.7296135425568,11.178215265274,12.0706570148468,11.9480066299438,1984-04-01
"41",11.6115131378174,12.853503704071,10.0696151927114,10.7626843452454,10.9100227952003,1984-05-01
"42",10.7600190639496,11.9771599769592,8.8660791516304,9.40303840488195,9.7771153897047,1984-06-01
"43",9.6115628182888,11.1173533797264,7.26758861541748,8.42819184064865,8.63692033290863,1984-07-01
"44",10.3594272434711,12.0320111513138,8.09928548336029,9.26328036189079,9.38993555307388,1984-08-01
"45",11.7770495414734,13.2510311603546,9.67199102044106,10.7633517384529,10.8936801552773,1984-09-01
"46",13.6811420917511,14.9479892253876,12.2124276161194,12.5589780807495,13.1388862133026,1984-10-01
"47",14.0139288902283,14.9317944049835,12.6459283828735,12.9439680576324,13.0319650173187,1984-11-01
"48",13.466593503952,14.4926390647888,12.2449488639832,12.5987136363983,12.7408380508423,1984-12-01
"49",13.074981212616,14.5190744400024,11.9888107776642,12.0759236812592,12.4420762062073,1985-01-01
"50",13.2359008789062,14.2979354858398,12.0886650085449,12.094274520874,12.2918581962585,1985-02-01
"51",13.3077161312103,14.2883396148682,12.1889638900757,12.6074063777924,12.7171022891998,1985-03-01
"52",12.4932129383087,13.7659924030304,11.3861536979675,12.0541076660156,12.1192462444305,1985-04-01
"53",11.4098215103149,12.6374460458755,10.0976960361004,10.5832579731941,10.8517901301384,1985-05-01
"54",9.75985985994339,11.0497716069221,8.44739425182343,8.44452631473541,9.29133938252926,1985-06-01
"55",8.83970499038696,10.375884026289,6.82089233398438,7.60830545425415,8.17388021945953,1985-07-01
"56",10.9944266676903,12.5649336576462,9.34728986024857,9.9710928350687,10.5710078179836,1985-08-01
"57",12.3094251155853,13.7586860656738,10.5733694732189,11.3524310588837,11.6579039096832,1985-09-01
"58",13.243350982666,14.4736444950104,11.3745278716087,12.0815258026123,12.4143961668015,1985-10-01
"59",13.3977973461151,14.3335337638855,11.8057451248169,12.2717514038086,12.1801438331604,1985-11-01
"60",13.391907453537,14.4758276939392,12.1663038730621,12.5168328285217,12.6763005256653,1985-12-01
"61",13.3423161506653,14.8014152050018,12.269805431366,12.4723110198975,12.7016870975494,1986-01-01
"62",13.1523416042328,14.2050430774689,11.804886341095,11.9729082584381,12.009863615036,1986-02-01
"63",13.15172123909,14.1838991641998,11.9882199764252,12.4259076118469,12.5398573875427,1986-03-01
"64",12.6135365962982,13.8682165145874,11.5036685466766,12.1670827865601,12.2367205619812,1986-04-01
"65",10.2488553225994,11.4985295534134,8.82752305269241,9.38102623820305,9.65420395415276,1986-05-01
"66",10.1901957094669,11.3285831511021,8.5829873085022,8.81163728237152,9.48387008905411,1986-06-01
"67",9.23415249586105,10.8539432883263,6.90514063835144,7.89836692810059,8.28026056289673,1986-07-01
"68",10.8808482289314,12.605163693428,8.52270042896271,9.74751181155443,9.82436529546976,1986-08-01
"69",12.4263944625854,13.8608109951019,10.4555911719799,11.490181684494,11.585533618927,1986-09-01
"70",13.2496907711029,14.4531583786011,11.2173049449921,12.0945082902908,12.2595018148422,1986-10-01
"71",14.0565395355225,14.9930157661438,12.5882246494293,12.9386887550354,12.9987943172455,1986-11-01
"72",14.0654296875,15.0138530731201,12.797705411911,13.3327558040619,13.3121078014374,1986-12-01
"73",13.8951539993286,15.2863759994507,12.7967135906219,13.079788684845,13.250125169754,1987-01-01
"74",14.1796183586121,15.1868677139282,13.0578925609589,12.9937777519226,13.212765455246,1987-02-01
"75",13.5478339195251,14.5729129314423,12.1570293903351,12.7251424789429,12.716979265213,1987-03-01
"76",12.7659378051758,13.9946761131287,11.4928780794144,12.2470524311066,12.2567818164825,1987-04-01
"77",11.2933923006058,12.6114057302475,9.89862552285194,10.3743022382259,10.7635126113892,1987-05-01
"78",10.4714678302407,11.8094024658203,8.68560576438904,8.9873862862587,9.63235253095627,1987-06-01
"79",10.5019417107105,12.046590834856,8.36527621746063,9.25046968460083,9.73062258958817,1987-07-01
"80",11.6068742275238,13.2760049104691,9.39507460594177,10.5006661564112,10.7033435204066,1987-08-01
"81",13.4487195014954,14.9218924045563,11.0688611865044,12.4545669555664,12.2627385854721,1987-09-01
"82",14.1124556064606,15.2844994068146,12.2572084665298,12.9796442985535,13.2771291732788,1987-10-01
"83",15.0202662944794,15.8921785354614,13.6513152122498,13.9228911399841,14.0197887420654,1987-11-01
"84",14.6292192935944,15.5804486274719,13.5031278133392,13.7632570266724,13.9959027767181,1987-12-01
"85",14.1305136680603,15.5967621803284,13.0622906684875,13.2069447040558,13.484384059906,1988-01-01
"86",14.2846109867096,15.2182807922363,13.0982546806335,13.1416428089142,13.2719922065735,1988-02-01
"87",13.571741104126,14.5696699619293,12.546674489975,12.8436098098755,13.0731980800629,1988-03-01
"88",12.9779403209686,14.2527770996094,11.8918149471283,12.5427801609039,12.6245203018188,1988-04-01
"89",11.634773015976,12.9153422117233,10.319547355175,10.7859433889389,11.1291571855545,1988-05-01
"90",10.2514478564262,11.4843750447035,8.44780075550079,8.7587023973465,9.37893027067184,1988-06-01
"91",9.72409117221832,11.2366776913404,7.86599612236023,8.47983062267303,9.16078245639801,1988-07-01
"92",11.5422310233116,13.218954205513,9.41858792304993,10.3948214054108,10.7055665105581,1988-08-01
"93",12.9877560138702,14.4132349491119,11.2164538502693,12.0301189422607,12.3522992134094,1988-09-01
"94",13.9969673156738,15.2278501987457,12.2546166181564,12.7860243320465,13.2893192768097,1988-10-01
"95",14.3213920593262,15.1325953006744,12.8214771747589,13.2021136283875,13.2371172904968,1988-11-01
"96",13.5705909729004,14.5614824295044,12.273499250412,12.7491853237152,12.7928845882416,1988-12-01
"97",13.111377954483,14.6064550876617,12.1529402732849,12.2845222949982,12.6099953651428,1989-01-01
"98",12.9257168769836,14.0209631919861,11.9114079475403,11.7941181659698,12.1884920597076,1989-02-01
"99",12.4982821941376,13.5451395511627,11.225106716156,11.8072748184204,11.7861785888672,1989-03-01
"100",12.2945332527161,13.560905456543,11.1380321979523,11.8505303859711,11.8819470405579,1989-04-01
"101",11.0292890071869,12.3714482784271,9.64330343902111,10.2160684466362,10.430551469326,1989-05-01
"102",10.6048285961151,11.8017063140869,8.77604603767395,9.27520181983709,9.68489573895931,1989-06-01
"103",9.63048818707466,11.2506647706032,7.1245276927948,8.3192195892334,8.47366058826447,1989-07-01
"104",10.6153514683247,12.3022594451904,8.43092799186707,9.52337054908276,9.70723474025726,1989-08-01
"105",12.8179340362549,14.203813791275,10.6985680162907,11.8510859012604,11.8537181615829,1989-09-01
"106",13.7410726547241,14.9187774658203,11.8503046035767,12.6533894538879,12.8388628959656,1989-10-01
"107",13.5144443511963,14.2736623287201,11.870366692543,12.4749193191528,12.2562146186829,1989-11-01
"108",14.2899522781372,15.1877698898315,13.0398900508881,13.3352994918823,13.5854678153992,1989-12-01
"109",13.2723376750946,14.6954274177551,12.4265782833099,12.3884086608887,12.8345949649811,1990-01-01
"110",13.438392162323,14.3261013031006,12.2948296070099,12.2434160709381,12.452832698822,1990-02-01
"111",13.1898927688599,14.1489598751068,12.2019424438477,12.4269418716431,12.715113401413,1990-03-01
"112",12.6795964241028,13.8508350849152,11.6880267858505,12.1644831895828,12.4367020130157,1990-04-01
"113",11.6080870628357,12.9400161504745,10.2912389338017,10.701828956604,11.1949519515038,1990-05-01
"114",10.4576613306999,11.7382253408432,8.62597191333771,9.04469308257103,9.50608399510384,1990-06-01
"115",9.80537661164999,11.3342235088348,7.50496673583984,8.50825273990631,8.8555104136467,1990-07-01
"116",10.8906246423721,12.6389935016632,8.75368940830231,9.63874244689941,10.047939941287,1990-08-01
"117",12.0251126289368,13.4465926885605,10.0478469133377,10.948581635952,11.2417589426041,1990-09-01
"118",14.1327106952667,15.3640358448029,12.3900136947632,12.950576543808,13.3391106128693,1990-10-01
"119",14.6953649520874,15.5883853435516,13.3707144260406,13.6117897033691,13.7187042236328,1990-11-01
"120",14.2039856910706,15.2788894176483,12.9280364513397,13.3456251621246,13.460077047348,1990-12-01
"121",14.2121648788452,15.5843787193298,12.9123041629791,13.273313999176,13.3728239536285,1991-01-01
"122",14.2221727371216,15.1798000335693,13.1648132801056,13.0570585727692,13.3365352153778,1991-02-01
"123",13.4542548656464,14.4727671146393,12.3347587585449,12.7250788211823,12.86589884758,1991-03-01
"124",12.3697202205658,13.5998969078064,11.4002579450607,11.9078924655914,12.1451818943024,1991-04-01
"125",11.6644767522812,12.9964270591736,10.2630879431963,10.7487971782684,11.1424375772476,1991-05-01
"126",10.4448376372457,11.7544043064117,8.34579122066498,8.89682859182358,9.35380750894547,1991-06-01
"127",9.67401951551437,11.256420083344,7.48201441764832,8.37519907951355,8.88125097751617,1991-07-01
"128",10.7165211737156,12.4403727054596,8.83698332309723,9.56908714771271,10.1429240852594,1991-08-01
"129",11.932734131813,13.4120285511017,10.2627184689045,10.9516258239746,11.3934464454651,1991-09-01
"130",13.2288355827332,14.4678294658661,11.8891044855118,12.1058788299561,12.8529431819916,1991-10-01
"131",13.7792348861694,14.6755731105804,12.5299053192139,12.6390564441681,12.9376299381256,1991-11-01
"132",13.7995314598083,14.768940448761,12.6001341342926,12.8911211490631,13.137880563736,1991-12-01
"133",13.4360435009003,14.9257116317749,12.4634068012238,12.4854648113251,12.9058885574341,1992-01-01
"134",13.7714052200317,14.7369451522827,12.7602887153625,12.5255513191223,12.9505188465118,1992-02-01
"135",13.0783097743988,14.0514297485352,12.2207462787628,12.2444357872009,12.7502949237823,1992-03-01
"136",12.5340378284454,13.6789827346802,11.4884901046753,12.04128074646,12.2775571346283,1992-04-01
"137",11.9296663403511,13.2459082603455,10.4677404761314,10.9310004413128,11.4403019547462,1992-05-01
"138",10.7188568115234,12.0130586624146,9.00876021385193,9.31370644271374,9.97157071530819,1992-06-01
"139",9.21711075305939,10.8223430365324,7.24630117416382,7.9648072719574,8.6210600733757,1992-07-01
"140",10.3868905901909,12.1393723487854,8.19271409511566,9.22272079065442,9.4923599883914,1992-08-01
"141",12.0975937843323,13.5405240058899,9.86691180616617,11.1170138120651,11.0852152109146,1992-09-01
"142",13.2592170238495,14.5174763202667,11.6045490503311,12.1481711864471,12.6043615341187,1992-10-01
"143",13.7381012439728,14.6523787975311,12.3241510391235,12.5663583278656,12.7449424266815,1992-11-01
"144",13.9309022426605,14.9099307060242,12.7866456508636,13.0352580547333,13.2918336391449,1992-12-01
"145",13.0296111106873,14.5343132019043,12.0715038776398,12.1396486759186,12.5372054576874,1993-01-01
"146",13.1577916145325,14.165595293045,11.9601349830627,11.9581758975983,12.1379878520966,1993-02-01
"147",12.8285093307495,13.9088368415833,11.7662813663483,12.1293475627899,12.3395147323608,1993-03-01
"148",12.6423454284668,13.9404428005219,11.4610238075256,12.2043244838715,12.2336566448212,1993-04-01
"149",11.5424451828003,12.9387508630753,10.07513904199,10.7185591459274,11.0195234417915,1993-05-01
"150",10.2414764165878,11.6333186179399,8.45121026039124,8.74614882469177,9.50414109230042,1993-06-01
"151",10.4586875997484,12.0426505208015,8.10714447498322,9.23304283618927,9.52394080162048,1993-07-01
"152",10.3704246729612,12.1369313001633,8.28333950042725,9.33673280477524,9.5993312895298,1993-08-01
"153",12.0564774274826,13.5310325622559,10.0983078479767,11.0912841558456,11.2669695615768,1993-09-01
"154",13.5719604492188,14.8160860538483,11.8581831455231,12.5327610969543,12.8492946624756,1993-10-01
"155",14.5879421234131,15.4873352050781,13.2308337688446,13.533618927002,13.5977969169617,1993-11-01
"156",14.5738596916199,15.6894669532776,13.1542298793793,13.7153477668762,13.6467747688293,1993-12-01
"157",13.4304218292236,14.8758502006531,12.3698554039001,12.561838388443,12.7952482700348,1994-01-01
"158",13.6706285476685,14.6834232807159,12.4994585514069,12.5346658229828,12.6891522407532,1994-02-01
"159",13.0138649940491,14.0528509616852,12.0266551971436,12.2858090400696,12.5599687099457,1994-03-01
"160",12.7621405124664,14.0274939537048,11.6042585372925,12.3300173282623,12.3590672016144,1994-04-01
"161",11.7014228105545,13.0192304849625,10.1503281667829,10.8323279619217,11.0236442685127,1994-05-01
"162",10.2652228921652,11.586229801178,8.34578537940979,8.77586054801941,9.31405031681061,1994-06-01
"163",10.0630467832088,11.6011623740196,7.9158411026001,8.82730096578598,9.26990848779678,1994-07-01
"164",10.9095600619912,12.6302843689919,8.8071368932724,9.77443236112595,10.0900582969189,1994-08-01
"165",12.772119641304,14.2265202999115,11.0464046001434,11.7652713060379,12.172256231308,1994-09-01
"166",13.7049000263214,14.879656791687,11.7748184204102,12.6007227897644,12.7897970676422,1994-10-01
"167",14.5189054012299,15.3965306282043,13.0821297168732,13.4339437484741,13.4759182929993,1994-11-01
"168",14.588809967041,15.6125528812408,13.4287779331207,13.7070379257202,13.9513692855835,1994-12-01
"169",14.0712575912476,15.5274047851562,13.1524984836578,13.1914117336273,13.6139211654663,1995-01-01
"170",14.3415975570679,15.2661259174347,13.1817646026611,13.1632244586945,13.3792643547058,1995-02-01
"171",13.3898692131042,14.430587053299,12.2349684238434,12.6523628234863,12.7802231311798,1995-03-01
"172",12.6764230728149,13.8864729404449,11.7206946611404,12.1523276567459,12.4665591716766,1995-04-01
"173",11.3871259987354,12.7031913399696,9.80212688446045,10.4235659986734,10.7031817436218,1995-05-01
"174",10.7121890932322,12.017612695694,8.82340967655182,9.20587939023972,9.78336450457573,1995-06-01
"175",11.0254884064198,12.5737091898918,8.72511959075928,9.66266086697578,10.118359297514,1995-07-01
"176",12.1135545372963,13.8244758844376,9.75486397743225,10.8833963349462,11.0795969665051,1995-08-01
"177",12.8376420736313,14.3714883327484,11.1363598704338,11.7751126289368,12.2636635303497,1995-09-01
"178",14.1488580703735,15.3331098556519,12.2713500261307,13.0003490447998,13.2940669059753,1995-10-01
"179",14.4077286720276,15.2695727348328,12.9552779197693,13.2887694835663,13.352680683136,1995-11-01
"180",14.0050506591797,14.9868636131287,12.8492925167084,13.1097991466522,13.3541808128357,1995-12-01
"181",13.5310552120209,15.0273060798645,12.2746932506561,12.5671300888062,12.7531862258911,1996-01-01
"182",14.3273591995239,15.6879572868347,12.7864909172058,12.9489831924438,13.0980267524719,1996-02-01
"183",13.9663398265839,15.0524704456329,12.4571561813354,13.0928642749786,13.0378866195679,1996-03-01
"184",13.1912837028503,14.4714736938477,12.1000061035156,12.6670541763306,12.8511414527893,1996-04-01
"185",11.8520406484604,13.1033585071564,10.6453117728233,11.0267862081528,11.4901005029678,1996-05-01
"186",10.1798222959042,11.466116309166,8.23922419548035,8.72669047117233,9.21553036570549,1996-06-01
"187",9.742322742939,11.3093870729208,7.74735617637634,8.49973261356354,9.10955291986465,1996-07-01
"188",11.4156454801559,13.0055626630783,9.51580825448036,10.3351060152054,10.7056109309196,1996-08-01
"189",12.9839153289795,14.4411573410034,11.0655630230904,11.9829567670822,12.2162499427795,1996-09-01
"190",13.9746851921082,15.2118468284607,12.3238378763199,12.7860474586487,13.3328995704651,1996-10-01
"191",14.1869733333588,15.1117913722992,12.8631572723389,13.0120530128479,13.2617769241333,1996-11-01
"192",14.0004329681396,15.0316386222839,13.0059089660645,13.1406123638153,13.4864282608032,1996-12-01
"193",13.3465883731842,14.8116145133972,12.2320673465729,12.4562273025513,12.6806869506836,1997-01-01
"194",13.4079654216766,14.4939870834351,12.3330399990082,12.2208588123322,12.5307652950287,1997-02-01
"195",13.0762705802917,14.1519417762756,11.8206436634064,12.2817723751068,12.3886396884918,1997-03-01
"196",12.2297928333282,13.5602555274963,11.0077769756317,11.7057497501373,11.8091652393341,1997-04-01
"197",10.8729935884476,12.3315062522888,9.52775713801384,9.97449943423271,10.4259992241859,1997-05-01
"198",10.0129996538162,11.357770934701,7.77586376667023,8.49190378189087,8.85462421178818,1997-06-01
"199",10.3643048405647,12.0196738243103,8.34434854984283,9.11971735954285,9.77883619070053,1997-07-01
"200",10.8577023148537,12.5973355770111,8.83042877912521,9.81348505616188,10.1112793684006,1997-08-01
"201",13.2934308052063,14.7768511772156,11.4265366792679,12.3862904310226,12.5945899486542,1997-09-01
"202",14.8331356048584,16.1028954982758,12.8972506523132,13.7005705833435,13.9793314933777,1997-10-01
"203",14.9658100605011,15.9197068214417,13.6241171360016,13.8691687583923,14.0480487346649,1997-11-01
"204",15.3953123092651,16.4140038490295,14.2285068035126,14.6115696430206,14.8319849967957,1997-12-01
"205",15.2438468933105,16.7215943336487,14.1174190044403,14.4124889373779,14.6331796646118,1998-01-01
"206",15.5253100395203,16.490583896637,14.1539821624756,14.4170289039612,14.3907508850098,1998-02-01
"207",14.8929543495178,15.8801598548889,13.6310539245605,14.15704870224,14.1921143531799,1998-03-01
"208",14.2044785022736,15.374058008194,12.8778541088104,13.7155141830444,13.6822316646576,1998-04-01
"209",11.8242178559303,13.1514818668365,10.4544343948364,10.8667626529932,11.4165709614754,1998-05-01
"210",11.3062954545021,12.6883636713028,9.70375090837479,9.85045531764627,10.6665368378162,1998-06-01
"211",10.8093670010567,12.4209702014923,8.48856031894684,9.56600630283356,9.93297630548477,1998-07-01
"212",12.2353458404541,13.9347207546234,9.94386684894562,11.0669290721416,11.2551702260971,1998-08-01
"213",13.166240811348,14.6392111778259,11.010032504797,12.11470246315,12.2222018241882,1998-09-01
"214",14.3582966327667,15.5516612529755,12.5685820579529,13.2162330150604,13.5385909080505,1998-10-01
"215",14.5399839878082,15.3970146179199,12.9849405288696,13.4344253540039,13.3902015686035,1998-11-01
"216",14.2360892295837,15.226966381073,13.1140580177307,13.3586206436157,13.6542792320251,1998-12-01
"217",13.9030485153198,15.3259563446045,12.9074363708496,12.98774933815,13.3795931339264,1999-01-01
"218",13.4648413658142,14.5386781692505,12.4529724121094,12.3045923709869,12.7009184360504,1999-02-01
"219",13.1730496883392,14.2968423366547,11.9990525245667,12.4693410396576,12.6074674129486,1999-03-01
"220",12.5492322444916,13.837970495224,11.5306367874146,12.1370449066162,12.2498059272766,1999-04-01
"221",11.7442909479141,13.0092108249664,10.2667171657085,10.8722621202469,11.0894068479538,1999-05-01
"222",10.4050327455625,11.6387311816216,8.34141576290131,8.94574505090714,9.32574599981308,1999-06-01
"223",9.53536885976791,11.038732200861,7.63740587234497,8.34348261356354,8.93173551559448,1999-07-01
"224",10.8299035280943,12.4776343107224,8.76950287818909,9.76850560307503,10.0162408649921,1999-08-01
"225",12.39080119133,13.8433961868286,10.4298318326473,11.4071500301361,11.573511838913,1999-09-01
"226",13.315497636795,14.6517012119293,11.9875382184982,12.2774105072021,12.9409637451172,1999-10-01
"227",14.1683316230774,14.9739303588867,12.678120136261,13.0139665603638,13.1307604312897,1999-11-01
"228",13.9365046024323,14.9042801856995,12.8081736564636,13.0879762172699,13.3162219524384,1999-12-01
"229",13.25261759758,14.7265853881836,12.2460384368896,12.3955471515656,12.7085995674133,2000-01-01
"230",13.3582372665405,14.4146931171417,12.1320638656616,12.2399306297302,12.3563106060028,2000-02-01
"231",12.9789710044861,14.0123331546783,11.8039858341217,12.2909801006317,12.3466153144836,2000-03-01
"232",12.8872961997986,14.1383576393127,11.686363697052,12.4825954437256,12.4740879535675,2000-04-01
"233",11.8121594190598,13.0578225851059,10.3145848363638,10.9608742594719,11.1639503836632,2000-05-01
"234",10.4288394451141,11.6219202280045,8.38407146930695,9.02850925922394,9.35206961631775,2000-06-01
"235",9.78892242908478,11.2715561389923,7.39953923225403,8.56293016672134,8.75916624069214,2000-07-01
"236",11.4189157485962,13.0423259735107,9.31748151779175,10.3487345278263,10.551186978817,2000-08-01
"237",12.7512364387512,14.1311120986938,10.5868919342756,11.7788457870483,11.7590149641037,2000-09-01
"238",13.211314201355,14.4450504779816,11.611419916153,12.14613032341,12.5453250408173,2000-10-01
"239",14.7171087265015,15.5001730918884,13.2285234928131,13.4393861293793,13.746414899826,2000-11-01
"240",13.6559975147247,14.5044567584991,12.9181628227234,12.9427614212036,13.4115183353424,2000-12-01
"241",12.8195829391479,14.3124222755432,11.8419227600098,11.9588935375214,12.2797610759735,2001-01-01
"242",13.3044190406799,14.3518800735474,12.2642929553986,12.2015352249146,12.4614374637604,2001-02-01
"243",13.068202495575,14.0505964756012,11.8143198490143,12.5207130908966,12.4222018718719,2001-03-01
"244",12.2201862335205,13.2723231315613,11.4631227254868,12.0422711372375,12.2634260654449,2001-04-01
"245",11.3636090755463,12.5812146663666,9.95922681689262,10.526419043541,10.7605407834053,2001-05-01
"246",10.3655021190643,11.5859935283661,8.64597201347351,9.04050758481026,9.53793068230152,2001-06-01
"247",10.3313115686178,11.7107998132706,8.04680275917053,9.25280590355396,9.39565554261208,2001-07-01
"248",10.3311088010669,12.0381454229355,8.7814359664917,9.25478214025497,9.96424448490143,2001-08-01
"249",12.986841917038,14.3693697452545,11.4225769639015,12.0523211956024,12.4942097663879,2001-09-01
"250",14.1655013561249,15.3308384418488,12.6826679706573,13.0705597400665,13.6003551483154,2001-10-01
"251",14.8239936828613,15.6251626014709,13.5737516880035,13.7403988838196,13.9667193889618,2001-11-01
"252",14.4146440029144,15.3331282138824,13.5161209106445,13.5513591766357,13.9981424808502,2001-12-01
"253",13.9864692687988,15.3484435081482,13.2659304141998,13.088951587677,13.6688768863678,2002-01-01
"254",13.848876953125,14.8570938110352,12.8097715377808,12.7148888111115,12.9844677448273,2002-02-01
"255",13.6516537666321,14.6880171298981,12.4588119983673,12.9691660404205,13.0224671363831,2002-03-01
"256",12.8045473098755,14.0615122318268,11.7652425765991,12.3714861869812,12.5116338729858,2002-04-01
"257",11.5842350721359,12.9045897722244,10.555431842804,10.7697619199753,11.3369190692902,2002-05-01
"258",11.0879428982735,12.2998417615891,9.61474427580833,9.76152430474758,10.483173429966,2002-06-01
"259",9.78877937793732,11.2201979160309,7.76277565956116,8.67637717723846,8.99405904486775,2002-07-01
"260",11.2115648984909,12.890572309494,9.35293871164322,10.1294392049313,10.5612969100475,2002-08-01
"261",12.6576633453369,14.0705881118774,10.9499219655991,11.7785477638245,12.0185698270798,2002-09-01
"262",13.9834635257721,15.2046957015991,12.5368714332581,12.9126207828522,13.452698469162,2002-10-01
"263",14.4108579158783,15.3090376853943,13.3106791973114,13.3460290431976,13.6744911670685,2002-11-01
"264",14.5239872932434,15.4804329872131,13.6081123352051,13.6824612617493,14.0909459590912,2002-12-01
"265",14.1510610580444,15.5491490364075,13.4545426368713,13.2630496025085,13.8452210426331,2003-01-01
"266",14.4041676521301,15.3611793518066,13.3557391166687,13.2765188217163,13.5305912494659,2003-02-01
"267",13.5969285964966,14.6341049671173,12.4852330684662,12.8998861312866,13.0288412570953,2003-03-01
"268",12.7889895439148,14.0056102275848,11.8231971263885,12.3384280204773,12.545224905014,2003-04-01
"269",11.8200693130493,13.1126480102539,10.5759844183922,10.9587363004684,11.3835773468018,2003-05-01
"270",10.9467455744743,12.2248032689095,9.15507066249847,9.4746727347374,10.1090067625046,2003-06-01
"271",10.1805903613567,11.6989895105362,8.16832041740417,8.96189671754837,9.49616855382919,2003-07-01
"272",10.8899772763252,12.5770643949509,8.86105036735535,9.78898152336478,10.1220434308052,2003-08-01
"273",12.201824426651,13.6645586490631,10.4080708771944,11.2095841169357,11.5442160367966,2003-09-01
"274",14.1321249008179,15.3262445926666,12.3487544059753,12.9808578491211,13.3791034221649,2003-10-01
"275",14.6595816612244,15.4297597408295,13.4893321990967,13.5153512954712,13.9109585285187,2003-11-01
"276",14.5167574882507,15.4638569355011,13.4893321990967,13.7008721828461,13.9944934844971,2003-12-01
"277",13.6560242176056,14.9443349838257,12.9365816116333,12.8723208904266,13.3751537799835,2004-01-01
"278",13.876846075058,14.8665227890015,12.9681990146637,12.7848474979401,13.1662573814392,2004-02-01
"279",13.7527596950531,14.7276833057404,13.0490107536316,13.0379049777985,13.5580365657806,2004-03-01
"280",13.0491287708282,14.2328572273254,11.943722486496,12.6037964820862,12.7047333717346,2004-04-01
"281",11.3216774463654,12.5829535722733,9.98632326722145,10.3246158063412,10.8478571176529,2004-05-01
"282",10.0294526219368,11.2786240577698,8.71486067771912,8.61130112409592,9.58544528484344,2004-06-01
"283",9.77890786901116,11.2589784860611,7.90710401535034,8.59494790434837,9.20362567901611,2004-07-01
"284",10.3991528749466,12.0568361282349,9.09903031587601,9.40362829715014,10.2232376039028,2004-08-01
"285",12.3950827121735,13.8130128383636,10.8771131038666,11.5265661478043,11.9392259120941,2004-09-01
"286",14.0535802841187,15.2574927806854,12.2846947908401,12.9569141864777,13.2641971111298,2004-10-01
"287",14.6789877414703,15.5048766136169,13.3089213371277,13.5956389904022,13.7058796882629,2004-11-01
"288",14.5469875335693,15.5362155437469,13.4836988449097,13.7173972129822,13.9940056800842,2004-12-01
"289",14.2601194381714,15.6778903007507,13.2365019321442,13.3760652542114,13.6792039871216,2005-01-01
"290",14.4034080505371,15.3710527420044,13.5206847190857,13.2249166965485,13.6677598953247,2005-02-01
"291",14.0869204998016,15.0361278057098,13.0424933433533,13.3461313247681,13.5684671401978,2005-03-01
"292",13.2151560783386,14.4147336483002,12.2623851299286,12.7281167507172,12.9960157871246,2005-04-01
"293",11.860172867775,13.1308243274689,10.3325083851814,10.9197075366974,11.2123147249222,2005-05-01
"294",10.6852543205023,11.9981057047844,8.81294131278992,9.15424925088882,9.82506084442139,2005-06-01
"295",10.5661575198174,12.1027828454971,8.55555236339569,9.35369819402695,9.87810054421425,2005-07-01
"296",11.3048495799303,13.0493799448013,9.12070202827454,10.1276426613331,10.4533053636551,2005-08-01
"297",12.540745973587,14.0202009677887,10.6460876464844,11.4973789453506,11.7601323127747,2005-09-01
"298",14.2122468948364,15.4261665344238,12.3177161216736,13.0448665618896,13.2815351486206,2005-10-01
"299",14.5947527885437,15.3941407203674,13.215256690979,13.475088596344,13.6011204719543,2005-11-01
"300",14.4344520568848,15.4132833480835,13.2178864479065,13.5954802036285,13.7199778556824,2005-12-01
"301",13.550060749054,15.0549478530884,12.6959104537964,12.6481170654297,13.123740196228,2006-01-01
"302",14.3574628829956,15.3568859100342,13.2217881679535,13.1947848796844,13.4233410358429,2006-02-01
"303",13.9253828525543,14.9696457386017,12.7743883132935,13.2064242362976,13.3233969211578,2006-03-01
"304",12.9921460151672,14.2556319236755,11.8481380939484,12.5112383365631,12.5879733562469,2006-04-01
"305",10.7816269546747,12.1433916687965,9.44908255338669,9.83980080485344,10.3216000143439,2006-05-01
"306",11.1271896958351,12.3876799345016,9.40582752227783,9.68564140796661,10.3247870504856,2006-06-01
"307",10.0092194676399,11.6449758261442,8.24822115898132,8.76448166370392,9.66788005828857,2006-07-01
"308",11.838848233223,13.506639122963,9.79148805141449,10.7384839355946,11.0368576645851,2006-08-01
"309",12.8756601810455,14.3577139377594,10.8763290941715,11.8626433610916,12.0622314214706,2006-09-01
"310",14.114137172699,15.2856049537659,12.2302725315094,13.0164194107056,13.2117033004761,2006-10-01
"311",14.2226624488831,15.1791014671326,13.2812540531158,13.1956958770752,13.6449110507965,2006-11-01
"312",14.6137747764587,15.5709927082062,13.5970687866211,13.7364239692688,14.0901927947998,2006-12-01
"313",14.4373254776001,15.8328804969788,13.7817983627319,13.5852499008179,14.1970751285553,2007-01-01
"314",14.4163069725037,15.3888535499573,13.3084383010864,13.230975151062,13.5038239955902,2007-02-01
"315",13.4437665939331,14.474552154541,12.4054079055786,12.7377593517303,12.9311940670013,2007-03-01
"316",13.0306715965271,14.2973566055298,11.9614233970642,12.5963246822357,12.7076442241669,2007-04-01
"317",11.8202484846115,13.0979071855545,10.4658525288105,10.9195517301559,11.2862973213196,2007-05-01
"318",10.9225001335144,12.2098029255867,9.69105392694473,9.48250180482864,10.6085508614779,2007-06-01
"319",10.3316323757172,11.8304962515831,8.1515200138092,9.11979547142982,9.46557253599167,2007-07-01
"320",11.5315446853638,13.1908179521561,9.60884058475494,10.4135228767991,10.8995307087898,2007-08-01
"321",12.5879735946655,14.0591931343079,11.3644517660141,11.6449993848801,12.3773362636566,2007-09-01
"322",13.9498977661133,15.1076014041901,12.3094866275787,12.8156752586365,13.2618114948273,2007-10-01
"323",14.4469583034515,15.2576038837433,13.1314849853516,13.3001058101654,13.5294065475464,2007-11-01
"324",14.2600924968719,15.1968235969543,13.0734965801239,13.3743546009064,13.5862181186676,2007-12-01
"325",13.3089146614075,14.7494959831238,12.3154318332672,12.5042204856873,12.7626800537109,2008-01-01
"326",13.7458307743073,14.7599384784698,12.4522557258606,12.5547916889191,12.6780738830566,2008-02-01
"327",12.9352440834045,14.0101878643036,11.8290700912476,12.1599032878876,12.4091668128967,2008-03-01
"328",12.3957393169403,13.5639305114746,11.0790972709656,11.9113405942917,11.8690428733826,2008-04-01
"329",10.9777963161469,12.2671059966087,9.19824916124344,10.03172570467,10.1370502412319,2008-05-01
"330",10.4827042594552,11.7398602366447,8.69147121906281,9.06078255176544,9.70869728922844,2008-06-01
"331",10.3582448959351,11.9108085036278,8.14598679542542,9.09057939052582,9.63956999778748,2008-07-01
"332",11.9313950538635,13.6150181293488,9.43497097492218,10.749729976058,10.8551053702831,2008-08-01
"333",12.5758842229843,14.0151052474976,10.5694382786751,11.5469713807106,11.7719305753708,2008-09-01
"334",14.0611710548401,15.2894678115845,12.3168874979019,12.9256649017334,13.2848331928253,2008-10-01
"335",14.9838700294495,15.7650561332703,13.5500144958496,13.9061455726624,13.9413957595825,2008-11-01
"336",14.3586168289185,15.3881680965424,12.9814772605896,13.474104642868,13.534482717514,2008-12-01
"337",13.7676045894623,15.2108659744263,12.9504678249359,12.8845915794373,13.3960964679718,2009-01-01
"338",13.9563503265381,14.9610381126404,12.8384983539581,12.808042049408,13.0462441444397,2009-02-01
"339",13.5390779972076,14.5783166885376,12.3789167404175,12.7766573429108,12.9413578510284,2009-03-01
"340",13.1271960735321,14.4067318439484,11.9716033935547,12.6313683986664,12.7609305381775,2009-04-01
"341",11.7881249189377,13.1108245849609,10.3144783303142,10.857980966568,11.1974026560783,2009-05-01
"342",10.4728376269341,11.7717307806015,8.38588714599609,8.97776424884796,9.44268840551376,2009-06-01
"343",10.4727110788226,12.017350256443,8.35733759403229,9.23130172491074,9.73890686035156,2009-07-01
"344",11.5863201618195,13.3119604587555,9.3043258190155,10.35859811306,10.6893561892211,2009-08-01
"345",13.2852088212967,14.6849987506866,11.395419895649,12.3174785375595,12.5255521535873,2009-09-01
"346",14.8061673641205,15.9955649375916,12.914986371994,13.6733026504517,13.9256911277771,2009-10-01
"347",15.154972076416,16.0275838375092,13.8963148593903,14.1261575222015,14.2635555267334,2009-11-01
"348",14.6212816238403,15.6237590312958,13.5257046222687,13.7678854465485,14.030463218689,2009-12-01
"349",14.2842173576355,15.7141690254211,13.5431354045868,13.439058303833,13.9713516235352,2010-01-01
"350",15.0559620857239,16.0115013122559,14.1692929267883,13.9414517879486,14.3256051540375,2010-02-01
"351",14.6624178886414,15.6176719665527,13.6360476016998,13.925671339035,14.1420073509216,2010-03-01
"352",13.641037940979,14.8368453979492,12.6685664653778,13.1408770084381,13.4103317260742,2010-04-01
"353",12.2004982233047,13.4787583351135,10.7022780776024,11.3034605979919,11.5657696723938,2010-05-01
"354",11.7819808125496,12.9960197210312,10.0716644227505,10.4092643952463,11.0204972028732,2010-06-01
"355",11.1684458255768,12.6307652592659,8.78538131713867,9.88909262418747,10.2471423447132,2010-07-01
"356",11.9312185049057,13.5979697704315,9.79482102394104,10.8058017194271,11.0987564474344,2010-08-01
"357",13.5491302013397,15.0903165340424,11.6010999083519,12.4462476968765,12.8109691143036,2010-09-01
"358",14.3920814990997,15.5423641204834,12.4268057346344,13.249315738678,13.4410552978516,2010-10-01
"359",14.9400804042816,15.7148597240448,13.0322551727295,13.7744431495667,13.5339841842651,2010-11-01
"360",14.2535290718079,15.2491908073425,12.9573564529419,13.4050107002258,13.5069279670715,2010-12-01
"361",13.9284567832947,15.3967084884644,12.9098808765411,13.0504560470581,13.4681317806244,2011-01-01
"362",13.5717997550964,14.6601538658142,12.3529686927795,12.4523704051971,12.6002967357635,2011-02-01
"363",13.5560572147369,14.7498133182526,12.4294872283936,12.7383925914764,13.0576987266541,2011-03-01
"364",12.9602665901184,14.2065749168396,11.7411217689514,12.5158569812775,12.5094685554504,2011-04-01
"365",11.4702600836754,12.6859838962555,10.2378462553024,10.6912953853607,11.08137601614,2011-05-01
"366",10.9766387343407,12.2153502106667,9.10397958755493,9.56235086917877,10.1115053743124,2011-06-01
"367",10.2800327192526,11.7732356190681,8.27021551132202,9.11165884137154,9.64294710755348,2011-07-01
"368",11.8674997091293,13.5387763977051,9.63460552692413,10.7462983056903,10.8967558145523,2011-08-01
"369",13.0872716903687,14.5443878173828,11.3361116051674,12.1331089735031,12.4167989492416,2011-09-01
"370",14.0931816101074,15.2342240810394,11.9989054203033,12.951817035675,13.0226531028748,2011-10-01
"371",15.3332855701447,16.2036089897156,13.7788515090942,14.1750817298889,14.2222871780396,2011-11-01
"372",14.0251579284668,15.0751533508301,12.9992172718048,13.1856379508972,13.5457048416138,2011-12-01
"373",13.8009719848633,15.2685256004333,12.6942648887634,12.8569762706757,13.1728520393372,2012-01-01
"374",13.3856635093689,14.4129884243011,12.2386891841888,12.2687122821808,12.4680378437042,2012-02-01
"375",13.3011238574982,14.392865896225,12.2999496459961,12.6009571552277,12.8857367038727,2012-03-01
"376",12.9650650024414,14.3506226539612,11.8420422077179,12.4819159507751,12.6499810218811,2012-04-01
"377",11.3693307638168,12.7295298576355,10.0905542224646,10.5240323245525,10.9888921380043,2012-05-01
"378",10.5611931830645,11.8721521496773,8.96991312503815,9.15188437700272,9.98160903155804,2012-06-01
"379",10.2138562202454,11.7809157967567,8.40548014640808,9.0195004940033,9.83222198486328,2012-07-01
"380",11.263255879283,13.0058635473251,9.22744822502136,10.0965936183929,10.5730057060719,2012-08-01
"381",12.9732151031494,14.4436917304993,11.2757903337479,12.0056629180908,12.4336320161819,2012-09-01
"382",14.6508316993713,15.8171072006226,12.7476861476898,13.5260367393494,13.7255640029907,2012-10-01
"383",15.2389676570892,16.0782248973846,13.7584095001221,14.1437427997589,14.167192697525,2012-11-01
"384",14.3306860923767,15.372932434082,13.2083330154419,13.5958046913147,13.7443175315857,2012-12-01
"385",13.772983789444,15.2135648727417,13.270494222641,12.9028830528259,13.6788244247437,2013-01-01
"386",14.3705205917358,15.4230341911316,13.2042262554169,13.2009718418121,13.4278037548065,2013-02-01
"387",14.1937191486359,15.1356399059296,12.8382515907288,13.4274389743805,13.3964242935181,2013-03-01
"388",13.1196031570435,14.3371819257736,11.9532917737961,12.516774892807,12.6943643093109,2013-04-01
"389",12.2078697681427,13.4633903503418,10.8125870227814,11.2883855104446,11.6461418867111,2013-05-01
"390",10.9106715321541,12.153178691864,9.61230307817459,9.44628316909075,10.4718083143234,2013-06-01
"391",10.1269692927599,11.6072041094303,8.69176518917084,8.91578829288483,9.91722718626261,2013-07-01
"392",11.4039428830147,13.0945843458176,9.26013350486755,10.2383350180462,10.5168005377054,2013-08-01
"393",13.0345642566681,14.5246748924255,11.0895729660988,12.0090067386627,12.2637023925781,2013-09-01
"394",14.3458161354065,15.5375549793243,12.5444264411926,13.2339451313019,13.4908545017242,2013-10-01
"395",15.0207576751709,15.8499255180359,13.5727009773254,13.9096322059631,13.9857850074768,2013-11-01
"396",14.4641842842102,15.5449304580688,13.5187315940857,13.6536676883698,14.0159935951233,2013-12-01
"397",13.9864456653595,15.4410429000854,13.0077667236328,13.1263139247894,13.4863758087158,2014-01-01
"398",14.2636535167694,15.3665516376495,13.7759637832642,13.0459010601044,14.07483959198,2014-02-01
"399",14.2845070362091,15.651175737381,13.1538648605347,13.1877102851868,13.754917383194,2014-03-01
"400",13.2110934257507,14.4813094139099,12.3307962417603,12.7415914535522,13.0547180175781,2014-04-01
"401",11.9239234924316,13.203920841217,10.4674192219973,11.0749502182007,11.4157710075378,2014-05-01
"402",11.909910261631,13.2340457439423,10.076148211956,10.4411309659481,11.0915524661541,2014-06-01
"403",10.9392237067223,12.4821447134018,8.86113917827606,9.72525385022163,10.1806016750634,2014-07-01
"404",11.5492345690727,13.2857307195663,9.510897397995,10.4572192430496,10.7579229474068,2014-08-01
"405",13.6054246425629,15.0791211128235,11.8829897642136,12.6409633159637,12.939462184906,2014-09-01
"406",14.535315990448,15.8391256332397,13.0690484046936,13.3907418251038,14.0357804298401,2014-10-01
"407",15.3719017505646,16.3278915882111,13.953320980072,14.0957834720612,14.4069020748138,2014-11-01
"408",15.0053296089172,15.9824113845825,13.9703733921051,14.1199288368225,14.4834311008453,2014-12-01
"409",13.5672099590302,15.0163006782532,12.9524729251862,12.7128946781158,13.3596074581146,2015-01-01
"410",14.46271276474,15.4661822319031,13.3790926933289,13.286495923996,13.5931208133698,2015-02-01
"411",13.8901431560516,14.9041244983673,12.6994688510895,13.1712532043457,13.2602479457855,2015-03-01
"412",13.0287411212921,14.352105140686,12.1353094577789,12.6439945697784,12.8879976272583,2015-04-01
"413",12.1153879165649,13.4342832565308,10.6838951706886,11.2415834665298,11.574006319046,2015-05-01
"414",11.7225940227509,13.0481210947037,10.1537750959396,10.3197698444128,11.1440064013004,2015-06-01
"415",10.6913175880909,12.2478387951851,8.49165523052216,9.46524602174759,9.9467833340168,2015-07-01
"416",11.8978683948517,13.640013217926,10.0892907381058,10.6997714862227,11.3914706707001,2015-08-01
"417",13.9851820468903,15.5540730953217,12.0065710544586,12.9246245622635,13.20228099823,2015-09-01
"418",14.5839293003082,15.8665907382965,12.8681313991547,13.4013974666595,13.8950152397156,2015-10-01
"419",15.4894759654999,16.3106324672699,14.1561493873596,14.3893043994904,14.5540051460266,2015-11-01
"420",14.6269941329956,15.6263637542725,14.0352292060852,13.7383811473846,14.4996776580811,2015-12-01
"421",15.2233397960663,16.5962347984314,14.4330132007599,14.3144421577454,14.8551559448242,2016-01-01
"422",15.2037019729614,16.1554393768311,14.2612814903259,14.0832624435425,14.4245491027832,2016-02-01
"423",14.855405330658,15.7681274414062,13.5859842300415,14.104594707489,14.1073095798492,2016-03-01
"424",13.8508830070496,15.0412156581879,12.7453365325928,13.3605127334595,13.4915962219238,2016-04-01
"425",12.0337666869164,13.3767215013504,10.4756588935852,11.1063167452812,11.3882805109024,2016-05-01
"426",10.9088684916496,12.2142712473869,8.99136996269226,9.48481440544128,9.98419627547264,2016-06-01
"427",10.8066858053207,12.4176489114761,8.79527592658997,9.59184128046036,10.180795788765,2016-07-01
"428",11.929475069046,13.6296708583832,9.72238373756409,10.7936152815819,11.0001761317253,2016-08-01
"429",13.2071424722672,14.6832864284515,11.1990338116884,12.2191338539124,12.3828942775726,2016-09-01
"430",13.9674425125122,15.210399389267,12.4146155118942,12.8255431652069,13.3829324245453,2016-10-01
"431",14.6628830432892,15.4880850315094,13.2017676830292,13.5100724697113,13.6088814735413,2016-11-01
"432",14.6820156574249,15.7086758613586,13.593597650528,13.8631000518799,14.1429417133331,2016-12-01
